{
  "youtube": "https://www.youtube.com/channel/UCAy4tBdTJdgQYzmJ7H-f4OA",
  "facebook": "https://www.facebook.com/artechinelosatacado",
  "phone": "7532721669",
  "doc_number": "26113984000100",
  "whatsapp": "75998674523",
  "instagram": "https://www.instagram.com/artechinelos2",
  "twitter": "",
  "address": "BR 116,  TUCANO - BA",
  "pinterest": "https://br.pinterest.com/artechinelosatacado/",
  "email": "contato@artechinelosatacado.com.br",
  "linkedin": "https://www.linkedin.com/company/arte-chinelos-atacado"
}