{
  "marketing_stripe": {
    "text": "Aproveite nossos kits completos para lucar mais!!",
    "link": "/kitscompletos",
    "background": "#e67979"
  },
  "contacts_stripe": {
    "pages": [
      {
        "title": "Quem somos",
        "link": "/pages/quemsomos"
      },
      {
        "title": "Atendimento",
        "link": "atendimento"
      }
    ],
    "phone_wpp": true,
    "socials": true
  },
  "categories_list": {
    "featured": [],
    "random": 6,
    "full_width": false
  },
  "search_input": true
}