{
  "meta_title": "",
  "meta_description": "",
  "sections": [
    {
      "type": "custom-html",
      "html": "<div>\n  Página em construção. \n  \n  \n  Favor acessar nosso site em <a href=\"https://www.artechinelosatacado.com.br\">Clique aqui</a>\n  \n  \n  Página em construção. \n  \n  \n  Favor acessar nosso site em <a href=\"https://www.artechinelosatacado.com.br\">Clique aqui</a>\n  \n  \n  \n  Página em construção. \n  \n  \n  Favor acessar nosso site em <a href=\"https://www.artechinelosatacado.com.br\">Clique aqui</a>\n  \n  \n  Página em construção. \n  \n  \n  Favor acessar nosso site em <a href=\"https://www.artechinelosatacado.com.br\">Clique aqui</a>\n  \n</div>"
    },
    {
      "type": "banner-slider",
      "autoplay": 900,
      "slides": [
        {
          "img": "https://images.tcdn.com.br/img/img_prod/623060/1609723932_1592144527_1581306696_capturar[1][1].jpg",
          "link": "/headset",
          "alt": "Headset banner",
          "start": "",
          "end": ""
        }
      ]
    },
    {
      "type": "info-bar",
      "enabled": true
    },
    {
      "type": "collection-shelf",
      "shuffle": true,
      "collection_id": null,
      "limit": 12,
      "page": 1,
      "sort": "sales",
      "title": "Mais vendidos",
      "headless": false
    },
    {
      "type": "collection-shelf",
      "shuffle": false,
      "limit": 12,
      "page": 1
    },
    {
      "type": "page-title",
      "title": "Arte Chinelos atacado",
      "description": "Chinelos no atacado  diretamente da fábrica"
    }
  ]
}